Region,Year,Study_Period,Selected_State_Count,Selected_States,Selected_States_Real_GDP_Millions,Regional_YoY_Growth_Pct
Northeast,2016,Pre-pandemic,4,Massachusetts; New Jersey; New York; Pennsylvania,3444127.4,
Northeast,2017,Pre-pandemic,4,Massachusetts; New Jersey; New York; Pennsylvania,3499334.8,1.6029
Northeast,2018,Pre-pandemic,4,Massachusetts; New Jersey; New York; Pennsylvania,3585119.6,2.4515
Northeast,2019,Pre-pandemic,4,Massachusetts; New Jersey; New York; Pennsylvania,3660891.3,2.1135
Northeast,2020,Pandemic shock,4,Massachusetts; New Jersey; New York; Pennsylvania,3557049.8,-2.8365
Northeast,2021,Initial recovery,4,Massachusetts; New Jersey; New York; Pennsylvania,3728790.7,4.8282
Northeast,2022,Post-pandemic,4,Massachusetts; New Jersey; New York; Pennsylvania,3798500.2,1.8695
Northeast,2023,Post-pandemic,4,Massachusetts; New Jersey; New York; Pennsylvania,3833365.5,0.9179
Northeast,2024,Post-pandemic,4,Massachusetts; New Jersey; New York; Pennsylvania,3953878.3,3.1438
Northeast,2025,Post-pandemic,4,Massachusetts; New Jersey; New York; Pennsylvania,4036272.4,2.0839
Midwest,2016,Pre-pandemic,4,Illinois; Indiana; Michigan; Ohio,2313160.9,
Midwest,2017,Pre-pandemic,4,Illinois; Indiana; Michigan; Ohio,2347651.6,1.4911
Midwest,2018,Pre-pandemic,4,Illinois; Indiana; Michigan; Ohio,2393133.5,1.9373
Midwest,2019,Pre-pandemic,4,Illinois; Indiana; Michigan; Ohio,2424020.2,1.2906
Midwest,2020,Pandemic shock,4,Illinois; Indiana; Michigan; Ohio,2336831.0,-3.5969
Midwest,2021,Initial recovery,4,Illinois; Indiana; Michigan; Ohio,2479365.3,6.0995
Midwest,2022,Post-pandemic,4,Illinois; Indiana; Michigan; Ohio,2521508.1,1.6997
Midwest,2023,Post-pandemic,4,Illinois; Indiana; Michigan; Ohio,2564379.9,1.7002
Midwest,2024,Post-pandemic,4,Illinois; Indiana; Michigan; Ohio,2623425.7,2.3025
Midwest,2025,Post-pandemic,4,Illinois; Indiana; Michigan; Ohio,2684379.5,2.3234
South,2016,Pre-pandemic,4,Florida; Georgia; North Carolina; Texas,3710879.8,
South,2017,Pre-pandemic,4,Florida; Georgia; North Carolina; Texas,3812533.3,2.7393
South,2018,Pre-pandemic,4,Florida; Georgia; North Carolina; Texas,3954230.0,3.7166
South,2019,Pre-pandemic,4,Florida; Georgia; North Carolina; Texas,4079973.3,3.1800
South,2020,Pandemic shock,4,Florida; Georgia; North Carolina; Texas,4024380.8,-1.3626
South,2021,Initial recovery,4,Florida; Georgia; North Carolina; Texas,4334721.7,7.7115
South,2022,Post-pandemic,4,Florida; Georgia; North Carolina; Texas,4547378.8,4.9059
South,2023,Post-pandemic,4,Florida; Georgia; North Carolina; Texas,4818931.2,5.9716
South,2024,Post-pandemic,4,Florida; Georgia; North Carolina; Texas,4978870.7,3.3190
South,2025,Post-pandemic,4,Florida; Georgia; North Carolina; Texas,5113795.4,2.7099
West,2016,Pre-pandemic,4,Arizona; California; Colorado; Washington,3776130.2,
West,2017,Pre-pandemic,4,Arizona; California; Colorado; Washington,3951027.8,4.6317
West,2018,Pre-pandemic,4,Arizona; California; Colorado; Washington,4123880.2,4.3749
West,2019,Pre-pandemic,4,Arizona; California; Colorado; Washington,4300954.6,4.2939
West,2020,Pandemic shock,4,Arizona; California; Colorado; Washington,4264877.3,-0.8388
West,2021,Initial recovery,4,Arizona; California; Colorado; Washington,4597622.2,7.8020
West,2022,Post-pandemic,4,Arizona; California; Colorado; Washington,4639865.2,0.9188
West,2023,Post-pandemic,4,Arizona; California; Colorado; Washington,4735561.6,2.0625
West,2024,Post-pandemic,4,Arizona; California; Colorado; Washington,4895579.0,3.3791
West,2025,Post-pandemic,4,Arizona; California; Colorado; Washington,5049489.1,3.1439
