State,State_Abbreviation,Region,Year,Real_GDP_Millions,YoY_Growth_Pct,Ten_Year_Growth_Pct,CAGR_Pct,State_Rank
Arizona,AZ,West,2016,319008.4,,,,16
Arizona,AZ,West,2017,333099.0,4.417,,,16
Arizona,AZ,West,2018,346375.7,3.9858,,,16
Arizona,AZ,West,2019,359528.2,3.7972,,,16
Arizona,AZ,West,2020,366035.0,1.8098,,,15
Arizona,AZ,West,2021,397883.3,8.7009,,,15
Arizona,AZ,West,2022,414460.2,4.1663,,,15
Arizona,AZ,West,2023,427794.3,3.2172,,,15
Arizona,AZ,West,2024,445009.9,4.0243,,,14
Arizona,AZ,West,2025,451493.7,1.457,41.5303,3.9348,15
California,CA,West,2016,2623711.7,,,,1
California,CA,West,2017,2740550.3,4.4532,,,1
California,CA,West,2018,2850608.8,4.0159,,,1
California,CA,West,2019,2969065.6,4.1555,,,1
California,CA,West,2020,2933001.7,-1.2147,,,1
California,CA,West,2021,3167935.6,8.01,,,1
California,CA,West,2022,3161153.4,-0.2141,,,1
California,CA,West,2023,3203898.4,1.3522,,,1
California,CA,West,2024,3312182.2,3.3798,,,1
California,CA,West,2025,3429343.2,3.5373,30.7058,3.02,1
Colorado,CO,West,2016,337685.2,,,,15
Colorado,CO,West,2017,350209.1,3.7088,,,15
Colorado,CO,West,2018,365177.0,4.274,,,15
Colorado,CO,West,2019,383674.3,5.0653,,,14
Colorado,CO,West,2020,379580.7,-1.0669,,,14
Colorado,CO,West,2021,405092.8,6.7211,,,14
Colorado,CO,West,2022,422368.4,4.2646,,,14
Colorado,CO,West,2023,437238.4,3.5206,,,14
Colorado,CO,West,2024,444473.5,1.6547,,,15
Colorado,CO,West,2025,452775.8,1.8679,34.0822,3.3124,14
Florida,FL,South,2016,978989.7,,,,4
Florida,FL,South,2017,1014866.9,3.6647,,,4
Florida,FL,South,2018,1050376.3,3.4989,,,4
Florida,FL,South,2019,1084808.6,3.2781,,,4
Florida,FL,South,2020,1071274.2,-1.2476,,,4
Florida,FL,South,2021,1171677.1,9.3723,,,4
Florida,FL,South,2022,1246931.3,6.4228,,,4
Florida,FL,South,2023,1300029.4,4.2583,,,4
Florida,FL,South,2024,1338791.1,2.9816,,,4
Florida,FL,South,2025,1376663.2,2.8288,40.6208,3.8604,4
Georgia,GA,South,2016,561718.3,,,,9
Georgia,GA,South,2017,583543.3,3.8854,,,9
Georgia,GA,South,2018,600891.9,2.973,,,9
Georgia,GA,South,2019,620699.4,3.2963,,,8
Georgia,GA,South,2020,603081.7,-2.8384,,,8
Georgia,GA,South,2021,646138.8,7.1395,,,8
Georgia,GA,South,2022,673780.8,4.278,,,8
Georgia,GA,South,2023,683549.7,1.4499,,,8
Georgia,GA,South,2024,699540.6,2.3394,,,8
Georgia,GA,South,2025,719741.7,2.8878,28.1321,2.7926,8
Illinois,IL,Midwest,2016,826404.7,,,,5
Illinois,IL,Midwest,2017,832826.8,0.7771,,,5
Illinois,IL,Midwest,2018,851440.6,2.235,,,5
Illinois,IL,Midwest,2019,858448.3,0.823,,,5
Illinois,IL,Midwest,2020,815844.4,-4.9629,,,5
Illinois,IL,Midwest,2021,869745.3,6.6068,,,5
Illinois,IL,Midwest,2022,886126.0,1.8834,,,5
Illinois,IL,Midwest,2023,902642.5,1.8639,,,5
Illinois,IL,Midwest,2024,924307.4,2.4002,,,5
Illinois,IL,Midwest,2025,948029.4,2.5665,14.7173,1.5373,5
Indiana,IN,Midwest,2016,348439.2,,,,14
Indiana,IN,Midwest,2017,357535.8,2.6107,,,14
Indiana,IN,Midwest,2018,368716.4,3.1271,,,14
Indiana,IN,Midwest,2019,370442.4,0.4681,,,15
Indiana,IN,Midwest,2020,360774.4,-2.6099,,,16
Indiana,IN,Midwest,2021,389795.7,8.0442,,,16
Indiana,IN,Midwest,2022,395343.0,1.4231,,,16
Indiana,IN,Midwest,2023,398986.8,0.9217,,,16
Indiana,IN,Midwest,2024,414779.8,3.9583,,,16
Indiana,IN,Midwest,2025,422465.7,1.853,21.2452,2.1636,16
Massachusetts,MA,Northeast,2016,521662.8,,,,11
Massachusetts,MA,Northeast,2017,530129.4,1.623,,,11
Massachusetts,MA,Northeast,2018,549258.8,3.6084,,,12
Massachusetts,MA,Northeast,2019,566278.7,3.0987,,,12
Massachusetts,MA,Northeast,2020,558429.6,-1.3861,,,12
Massachusetts,MA,Northeast,2021,596812.6,6.8734,,,12
Massachusetts,MA,Northeast,2022,610098.9,2.2262,,,12
Massachusetts,MA,Northeast,2023,615415.0,0.8714,,,12
Massachusetts,MA,Northeast,2024,632343.6,2.7508,,,12
Massachusetts,MA,Northeast,2025,640793.6,1.3363,22.8367,2.3117,12
Michigan,MI,Midwest,2016,500159.5,,,,12
Michigan,MI,Midwest,2017,505101.5,0.9881,,,13
Michigan,MI,Midwest,2018,516808.5,2.3178,,,13
Michigan,MI,Midwest,2019,520992.2,0.8095,,,13
Michigan,MI,Midwest,2020,502170.7,-3.6126,,,13
Michigan,MI,Midwest,2021,527854.3,5.1145,,,13
Michigan,MI,Midwest,2022,540832.6,2.4587,,,13
Michigan,MI,Midwest,2023,555890.3,2.7842,,,13
Michigan,MI,Midwest,2024,563093.1,1.2957,,,13
Michigan,MI,Midwest,2025,575397.4,2.1851,15.0428,1.5692,13
New Jersey,NJ,Northeast,2016,587049.7,,,,8
New Jersey,NJ,Northeast,2017,590086.7,0.5173,,,8
New Jersey,NJ,Northeast,2018,606884.0,2.8466,,,8
New Jersey,NJ,Northeast,2019,618637.1,1.9366,,,9
New Jersey,NJ,Northeast,2020,598776.3,-3.2104,,,9
New Jersey,NJ,Northeast,2021,631140.8,5.4051,,,9
New Jersey,NJ,Northeast,2022,649814.4,2.9587,,,9
New Jersey,NJ,Northeast,2023,653944.4,0.6356,,,10
New Jersey,NJ,Northeast,2024,675221.7,3.2537,,,10
New Jersey,NJ,Northeast,2025,688761.0,2.0052,17.3258,1.7912,10
New York,NY,Northeast,2016,1590567.8,,,,3
New York,NY,Northeast,2017,1624800.7,2.1522,,,3
New York,NY,Northeast,2018,1665156.7,2.4838,,,3
New York,NY,Northeast,2019,1704251.1,2.3478,,,3
New York,NY,Northeast,2020,1659794.7,-2.6086,,,3
New York,NY,Northeast,2021,1734346.0,4.4916,,,3
New York,NY,Northeast,2022,1764154.4,1.7187,,,3
New York,NY,Northeast,2023,1776384.6,0.6933,,,3
New York,NY,Northeast,2024,1845159.1,3.8716,,,3
New York,NY,Northeast,2025,1890844.3,2.4759,18.8786,1.9401,3
North Carolina,NC,South,2016,536308.5,,,,10
North Carolina,NC,South,2017,546810.1,1.9581,,,10
North Carolina,NC,South,2018,556524.6,1.7766,,,11
North Carolina,NC,South,2019,567932.1,2.0498,,,11
North Carolina,NC,South,2020,564692.8,-0.5704,,,11
North Carolina,NC,South,2021,598010.1,5.9001,,,11
North Carolina,NC,South,2022,621836.4,3.9843,,,11
North Carolina,NC,South,2023,646452.9,3.9587,,,11
North Carolina,NC,South,2024,670589.0,3.7336,,,11
North Carolina,NC,South,2025,682827.4,1.825,27.3199,2.72,11
Ohio,OH,Midwest,2016,638157.5,,,,7
Ohio,OH,Midwest,2017,652187.5,2.1985,,,7
Ohio,OH,Midwest,2018,656168.0,0.6103,,,7
Ohio,OH,Midwest,2019,674137.3,2.7385,,,7
Ohio,OH,Midwest,2020,658041.5,-2.3876,,,7
Ohio,OH,Midwest,2021,691970.0,5.156,,,7
Ohio,OH,Midwest,2022,699206.5,1.0458,,,7
Ohio,OH,Midwest,2023,706860.3,1.0946,,,7
Ohio,OH,Midwest,2024,721245.4,2.0351,,,7
Ohio,OH,Midwest,2025,738487.0,2.3905,15.7217,1.6357,7
Pennsylvania,PA,Northeast,2016,744847.1,,,,6
Pennsylvania,PA,Northeast,2017,754318.0,1.2715,,,6
Pennsylvania,PA,Northeast,2018,763820.1,1.2597,,,6
Pennsylvania,PA,Northeast,2019,771724.4,1.0348,,,6
Pennsylvania,PA,Northeast,2020,740049.2,-4.1045,,,6
Pennsylvania,PA,Northeast,2021,766491.3,3.573,,,6
Pennsylvania,PA,Northeast,2022,774432.5,1.036,,,6
Pennsylvania,PA,Northeast,2023,787621.5,1.7031,,,6
Pennsylvania,PA,Northeast,2024,801153.9,1.7181,,,6
Pennsylvania,PA,Northeast,2025,815873.5,1.8373,9.5357,1.0171,6
Texas,TX,South,2016,1633863.3,,,,2
Texas,TX,South,2017,1667313.0,2.0473,,,2
Texas,TX,South,2018,1746437.2,4.7456,,,2
Texas,TX,South,2019,1806533.2,3.4411,,,2
Texas,TX,South,2020,1785332.1,-1.1736,,,2
Texas,TX,South,2021,1918895.7,7.4812,,,2
Texas,TX,South,2022,2004830.3,4.4783,,,2
Texas,TX,South,2023,2188899.2,9.1813,,,2
Texas,TX,South,2024,2269950.0,3.7028,,,2
Texas,TX,South,2025,2334563.1,2.8465,42.8861,4.045,2
Washington,WA,West,2016,495724.9,,,,13
Washington,WA,West,2017,527169.4,6.3431,,,12
Washington,WA,West,2018,561718.7,6.5537,,,10
Washington,WA,West,2019,588686.5,4.8009,,,10
Washington,WA,West,2020,586259.9,-0.4122,,,10
Washington,WA,West,2021,626710.5,6.8998,,,10
Washington,WA,West,2022,641883.2,2.421,,,10
Washington,WA,West,2023,666630.5,3.8554,,,9
Washington,WA,West,2024,693913.4,4.0927,,,9
Washington,WA,West,2025,715876.4,3.1651,44.41,4.1677,9
