State,State_Abbreviation,Region,Year,FRED_Series_ID,Real_GDP_Millions,Source_URL
Arizona,AZ,West,2016,AZRGSP,319008.4,https://fred.stlouisfed.org/data/AZRGSP
Arizona,AZ,West,2017,AZRGSP,333099.0,https://fred.stlouisfed.org/data/AZRGSP
Arizona,AZ,West,2018,AZRGSP,346375.7,https://fred.stlouisfed.org/data/AZRGSP
Arizona,AZ,West,2019,AZRGSP,359528.2,https://fred.stlouisfed.org/data/AZRGSP
Arizona,AZ,West,2020,AZRGSP,366035.0,https://fred.stlouisfed.org/data/AZRGSP
Arizona,AZ,West,2021,AZRGSP,397883.3,https://fred.stlouisfed.org/data/AZRGSP
Arizona,AZ,West,2022,AZRGSP,414460.2,https://fred.stlouisfed.org/data/AZRGSP
Arizona,AZ,West,2023,AZRGSP,427794.3,https://fred.stlouisfed.org/data/AZRGSP
Arizona,AZ,West,2024,AZRGSP,445009.9,https://fred.stlouisfed.org/data/AZRGSP
Arizona,AZ,West,2025,AZRGSP,451493.7,https://fred.stlouisfed.org/data/AZRGSP
California,CA,West,2016,CARGSP,2623711.7,https://fred.stlouisfed.org/data/CARGSP
California,CA,West,2017,CARGSP,2740550.3,https://fred.stlouisfed.org/data/CARGSP
California,CA,West,2018,CARGSP,2850608.8,https://fred.stlouisfed.org/data/CARGSP
California,CA,West,2019,CARGSP,2969065.6,https://fred.stlouisfed.org/data/CARGSP
California,CA,West,2020,CARGSP,2933001.7,https://fred.stlouisfed.org/data/CARGSP
California,CA,West,2021,CARGSP,3167935.6,https://fred.stlouisfed.org/data/CARGSP
California,CA,West,2022,CARGSP,3161153.4,https://fred.stlouisfed.org/data/CARGSP
California,CA,West,2023,CARGSP,3203898.4,https://fred.stlouisfed.org/data/CARGSP
California,CA,West,2024,CARGSP,3312182.2,https://fred.stlouisfed.org/data/CARGSP
California,CA,West,2025,CARGSP,3429343.2,https://fred.stlouisfed.org/data/CARGSP
Colorado,CO,West,2016,CORGSP,337685.2,https://fred.stlouisfed.org/data/CORGSP
Colorado,CO,West,2017,CORGSP,350209.1,https://fred.stlouisfed.org/data/CORGSP
Colorado,CO,West,2018,CORGSP,365177.0,https://fred.stlouisfed.org/data/CORGSP
Colorado,CO,West,2019,CORGSP,383674.3,https://fred.stlouisfed.org/data/CORGSP
Colorado,CO,West,2020,CORGSP,379580.7,https://fred.stlouisfed.org/data/CORGSP
Colorado,CO,West,2021,CORGSP,405092.8,https://fred.stlouisfed.org/data/CORGSP
Colorado,CO,West,2022,CORGSP,422368.4,https://fred.stlouisfed.org/data/CORGSP
Colorado,CO,West,2023,CORGSP,437238.4,https://fred.stlouisfed.org/data/CORGSP
Colorado,CO,West,2024,CORGSP,444473.5,https://fred.stlouisfed.org/data/CORGSP
Colorado,CO,West,2025,CORGSP,452775.8,https://fred.stlouisfed.org/data/CORGSP
Florida,FL,South,2016,FLRGSP,978989.7,https://fred.stlouisfed.org/data/FLRGSP
Florida,FL,South,2017,FLRGSP,1014866.9,https://fred.stlouisfed.org/data/FLRGSP
Florida,FL,South,2018,FLRGSP,1050376.3,https://fred.stlouisfed.org/data/FLRGSP
Florida,FL,South,2019,FLRGSP,1084808.6,https://fred.stlouisfed.org/data/FLRGSP
Florida,FL,South,2020,FLRGSP,1071274.2,https://fred.stlouisfed.org/data/FLRGSP
Florida,FL,South,2021,FLRGSP,1171677.1,https://fred.stlouisfed.org/data/FLRGSP
Florida,FL,South,2022,FLRGSP,1246931.3,https://fred.stlouisfed.org/data/FLRGSP
Florida,FL,South,2023,FLRGSP,1300029.4,https://fred.stlouisfed.org/data/FLRGSP
Florida,FL,South,2024,FLRGSP,1338791.1,https://fred.stlouisfed.org/data/FLRGSP
Florida,FL,South,2025,FLRGSP,1376663.2,https://fred.stlouisfed.org/data/FLRGSP
Georgia,GA,South,2016,GARGSP,561718.3,https://fred.stlouisfed.org/data/GARGSP
Georgia,GA,South,2017,GARGSP,583543.3,https://fred.stlouisfed.org/data/GARGSP
Georgia,GA,South,2018,GARGSP,600891.9,https://fred.stlouisfed.org/data/GARGSP
Georgia,GA,South,2019,GARGSP,620699.4,https://fred.stlouisfed.org/data/GARGSP
Georgia,GA,South,2020,GARGSP,603081.7,https://fred.stlouisfed.org/data/GARGSP
Georgia,GA,South,2021,GARGSP,646138.8,https://fred.stlouisfed.org/data/GARGSP
Georgia,GA,South,2022,GARGSP,673780.8,https://fred.stlouisfed.org/data/GARGSP
Georgia,GA,South,2023,GARGSP,683549.7,https://fred.stlouisfed.org/data/GARGSP
Georgia,GA,South,2024,GARGSP,699540.6,https://fred.stlouisfed.org/data/GARGSP
Georgia,GA,South,2025,GARGSP,719741.7,https://fred.stlouisfed.org/data/GARGSP
Illinois,IL,Midwest,2016,ILRGSP,826404.7,https://fred.stlouisfed.org/data/ILRGSP
Illinois,IL,Midwest,2017,ILRGSP,832826.8,https://fred.stlouisfed.org/data/ILRGSP
Illinois,IL,Midwest,2018,ILRGSP,851440.6,https://fred.stlouisfed.org/data/ILRGSP
Illinois,IL,Midwest,2019,ILRGSP,858448.3,https://fred.stlouisfed.org/data/ILRGSP
Illinois,IL,Midwest,2020,ILRGSP,815844.4,https://fred.stlouisfed.org/data/ILRGSP
Illinois,IL,Midwest,2021,ILRGSP,869745.3,https://fred.stlouisfed.org/data/ILRGSP
Illinois,IL,Midwest,2022,ILRGSP,886126.0,https://fred.stlouisfed.org/data/ILRGSP
Illinois,IL,Midwest,2023,ILRGSP,902642.5,https://fred.stlouisfed.org/data/ILRGSP
Illinois,IL,Midwest,2024,ILRGSP,924307.4,https://fred.stlouisfed.org/data/ILRGSP
Illinois,IL,Midwest,2025,ILRGSP,948029.4,https://fred.stlouisfed.org/data/ILRGSP
Indiana,IN,Midwest,2016,INRGSP,348439.2,https://fred.stlouisfed.org/data/INRGSP
Indiana,IN,Midwest,2017,INRGSP,357535.8,https://fred.stlouisfed.org/data/INRGSP
Indiana,IN,Midwest,2018,INRGSP,368716.4,https://fred.stlouisfed.org/data/INRGSP
Indiana,IN,Midwest,2019,INRGSP,370442.4,https://fred.stlouisfed.org/data/INRGSP
Indiana,IN,Midwest,2020,INRGSP,360774.4,https://fred.stlouisfed.org/data/INRGSP
Indiana,IN,Midwest,2021,INRGSP,389795.7,https://fred.stlouisfed.org/data/INRGSP
Indiana,IN,Midwest,2022,INRGSP,395343.0,https://fred.stlouisfed.org/data/INRGSP
Indiana,IN,Midwest,2023,INRGSP,398986.8,https://fred.stlouisfed.org/data/INRGSP
Indiana,IN,Midwest,2024,INRGSP,414779.8,https://fred.stlouisfed.org/data/INRGSP
Indiana,IN,Midwest,2025,INRGSP,422465.7,https://fred.stlouisfed.org/data/INRGSP
Massachusetts,MA,Northeast,2016,MARGSP,521662.8,https://fred.stlouisfed.org/data/MARGSP
Massachusetts,MA,Northeast,2017,MARGSP,530129.4,https://fred.stlouisfed.org/data/MARGSP
Massachusetts,MA,Northeast,2018,MARGSP,549258.8,https://fred.stlouisfed.org/data/MARGSP
Massachusetts,MA,Northeast,2019,MARGSP,566278.7,https://fred.stlouisfed.org/data/MARGSP
Massachusetts,MA,Northeast,2020,MARGSP,558429.6,https://fred.stlouisfed.org/data/MARGSP
Massachusetts,MA,Northeast,2021,MARGSP,596812.6,https://fred.stlouisfed.org/data/MARGSP
Massachusetts,MA,Northeast,2022,MARGSP,610098.9,https://fred.stlouisfed.org/data/MARGSP
Massachusetts,MA,Northeast,2023,MARGSP,615415.0,https://fred.stlouisfed.org/data/MARGSP
Massachusetts,MA,Northeast,2024,MARGSP,632343.6,https://fred.stlouisfed.org/data/MARGSP
Massachusetts,MA,Northeast,2025,MARGSP,640793.6,https://fred.stlouisfed.org/data/MARGSP
Michigan,MI,Midwest,2016,MIRGSP,500159.5,https://fred.stlouisfed.org/data/MIRGSP
Michigan,MI,Midwest,2017,MIRGSP,505101.5,https://fred.stlouisfed.org/data/MIRGSP
Michigan,MI,Midwest,2018,MIRGSP,516808.5,https://fred.stlouisfed.org/data/MIRGSP
Michigan,MI,Midwest,2019,MIRGSP,520992.2,https://fred.stlouisfed.org/data/MIRGSP
Michigan,MI,Midwest,2020,MIRGSP,502170.7,https://fred.stlouisfed.org/data/MIRGSP
Michigan,MI,Midwest,2021,MIRGSP,527854.3,https://fred.stlouisfed.org/data/MIRGSP
Michigan,MI,Midwest,2022,MIRGSP,540832.6,https://fred.stlouisfed.org/data/MIRGSP
Michigan,MI,Midwest,2023,MIRGSP,555890.3,https://fred.stlouisfed.org/data/MIRGSP
Michigan,MI,Midwest,2024,MIRGSP,563093.1,https://fred.stlouisfed.org/data/MIRGSP
Michigan,MI,Midwest,2025,MIRGSP,575397.4,https://fred.stlouisfed.org/data/MIRGSP
New Jersey,NJ,Northeast,2016,NJRGSP,587049.7,https://fred.stlouisfed.org/data/NJRGSP
New Jersey,NJ,Northeast,2017,NJRGSP,590086.7,https://fred.stlouisfed.org/data/NJRGSP
New Jersey,NJ,Northeast,2018,NJRGSP,606884.0,https://fred.stlouisfed.org/data/NJRGSP
New Jersey,NJ,Northeast,2019,NJRGSP,618637.1,https://fred.stlouisfed.org/data/NJRGSP
New Jersey,NJ,Northeast,2020,NJRGSP,598776.3,https://fred.stlouisfed.org/data/NJRGSP
New Jersey,NJ,Northeast,2021,NJRGSP,631140.8,https://fred.stlouisfed.org/data/NJRGSP
New Jersey,NJ,Northeast,2022,NJRGSP,649814.4,https://fred.stlouisfed.org/data/NJRGSP
New Jersey,NJ,Northeast,2023,NJRGSP,653944.4,https://fred.stlouisfed.org/data/NJRGSP
New Jersey,NJ,Northeast,2024,NJRGSP,675221.7,https://fred.stlouisfed.org/data/NJRGSP
New Jersey,NJ,Northeast,2025,NJRGSP,688761.0,https://fred.stlouisfed.org/data/NJRGSP
New York,NY,Northeast,2016,NYRGSP,1590567.8,https://fred.stlouisfed.org/data/NYRGSP
New York,NY,Northeast,2017,NYRGSP,1624800.7,https://fred.stlouisfed.org/data/NYRGSP
New York,NY,Northeast,2018,NYRGSP,1665156.7,https://fred.stlouisfed.org/data/NYRGSP
New York,NY,Northeast,2019,NYRGSP,1704251.1,https://fred.stlouisfed.org/data/NYRGSP
New York,NY,Northeast,2020,NYRGSP,1659794.7,https://fred.stlouisfed.org/data/NYRGSP
New York,NY,Northeast,2021,NYRGSP,1734346.0,https://fred.stlouisfed.org/data/NYRGSP
New York,NY,Northeast,2022,NYRGSP,1764154.4,https://fred.stlouisfed.org/data/NYRGSP
New York,NY,Northeast,2023,NYRGSP,1776384.6,https://fred.stlouisfed.org/data/NYRGSP
New York,NY,Northeast,2024,NYRGSP,1845159.1,https://fred.stlouisfed.org/data/NYRGSP
New York,NY,Northeast,2025,NYRGSP,1890844.3,https://fred.stlouisfed.org/data/NYRGSP
North Carolina,NC,South,2016,NCRGSP,536308.5,https://fred.stlouisfed.org/data/NCRGSP
North Carolina,NC,South,2017,NCRGSP,546810.1,https://fred.stlouisfed.org/data/NCRGSP
North Carolina,NC,South,2018,NCRGSP,556524.6,https://fred.stlouisfed.org/data/NCRGSP
North Carolina,NC,South,2019,NCRGSP,567932.1,https://fred.stlouisfed.org/data/NCRGSP
North Carolina,NC,South,2020,NCRGSP,564692.8,https://fred.stlouisfed.org/data/NCRGSP
North Carolina,NC,South,2021,NCRGSP,598010.1,https://fred.stlouisfed.org/data/NCRGSP
North Carolina,NC,South,2022,NCRGSP,621836.4,https://fred.stlouisfed.org/data/NCRGSP
North Carolina,NC,South,2023,NCRGSP,646452.9,https://fred.stlouisfed.org/data/NCRGSP
North Carolina,NC,South,2024,NCRGSP,670589.0,https://fred.stlouisfed.org/data/NCRGSP
North Carolina,NC,South,2025,NCRGSP,682827.4,https://fred.stlouisfed.org/data/NCRGSP
Ohio,OH,Midwest,2016,OHRGSP,638157.5,https://fred.stlouisfed.org/data/OHRGSP
Ohio,OH,Midwest,2017,OHRGSP,652187.5,https://fred.stlouisfed.org/data/OHRGSP
Ohio,OH,Midwest,2018,OHRGSP,656168.0,https://fred.stlouisfed.org/data/OHRGSP
Ohio,OH,Midwest,2019,OHRGSP,674137.3,https://fred.stlouisfed.org/data/OHRGSP
Ohio,OH,Midwest,2020,OHRGSP,658041.5,https://fred.stlouisfed.org/data/OHRGSP
Ohio,OH,Midwest,2021,OHRGSP,691970.0,https://fred.stlouisfed.org/data/OHRGSP
Ohio,OH,Midwest,2022,OHRGSP,699206.5,https://fred.stlouisfed.org/data/OHRGSP
Ohio,OH,Midwest,2023,OHRGSP,706860.3,https://fred.stlouisfed.org/data/OHRGSP
Ohio,OH,Midwest,2024,OHRGSP,721245.4,https://fred.stlouisfed.org/data/OHRGSP
Ohio,OH,Midwest,2025,OHRGSP,738487.0,https://fred.stlouisfed.org/data/OHRGSP
Pennsylvania,PA,Northeast,2016,PARGSP,744847.1,https://fred.stlouisfed.org/data/PARGSP
Pennsylvania,PA,Northeast,2017,PARGSP,754318.0,https://fred.stlouisfed.org/data/PARGSP
Pennsylvania,PA,Northeast,2018,PARGSP,763820.1,https://fred.stlouisfed.org/data/PARGSP
Pennsylvania,PA,Northeast,2019,PARGSP,771724.4,https://fred.stlouisfed.org/data/PARGSP
Pennsylvania,PA,Northeast,2020,PARGSP,740049.2,https://fred.stlouisfed.org/data/PARGSP
Pennsylvania,PA,Northeast,2021,PARGSP,766491.3,https://fred.stlouisfed.org/data/PARGSP
Pennsylvania,PA,Northeast,2022,PARGSP,774432.5,https://fred.stlouisfed.org/data/PARGSP
Pennsylvania,PA,Northeast,2023,PARGSP,787621.5,https://fred.stlouisfed.org/data/PARGSP
Pennsylvania,PA,Northeast,2024,PARGSP,801153.9,https://fred.stlouisfed.org/data/PARGSP
Pennsylvania,PA,Northeast,2025,PARGSP,815873.5,https://fred.stlouisfed.org/data/PARGSP
Texas,TX,South,2016,TXRGSP,1633863.3,https://fred.stlouisfed.org/data/TXRGSP
Texas,TX,South,2017,TXRGSP,1667313.0,https://fred.stlouisfed.org/data/TXRGSP
Texas,TX,South,2018,TXRGSP,1746437.2,https://fred.stlouisfed.org/data/TXRGSP
Texas,TX,South,2019,TXRGSP,1806533.2,https://fred.stlouisfed.org/data/TXRGSP
Texas,TX,South,2020,TXRGSP,1785332.1,https://fred.stlouisfed.org/data/TXRGSP
Texas,TX,South,2021,TXRGSP,1918895.7,https://fred.stlouisfed.org/data/TXRGSP
Texas,TX,South,2022,TXRGSP,2004830.3,https://fred.stlouisfed.org/data/TXRGSP
Texas,TX,South,2023,TXRGSP,2188899.2,https://fred.stlouisfed.org/data/TXRGSP
Texas,TX,South,2024,TXRGSP,2269950.0,https://fred.stlouisfed.org/data/TXRGSP
Texas,TX,South,2025,TXRGSP,2334563.1,https://fred.stlouisfed.org/data/TXRGSP
Washington,WA,West,2016,WARGSP,495724.9,https://fred.stlouisfed.org/data/WARGSP
Washington,WA,West,2017,WARGSP,527169.4,https://fred.stlouisfed.org/data/WARGSP
Washington,WA,West,2018,WARGSP,561718.7,https://fred.stlouisfed.org/data/WARGSP
Washington,WA,West,2019,WARGSP,588686.5,https://fred.stlouisfed.org/data/WARGSP
Washington,WA,West,2020,WARGSP,586259.9,https://fred.stlouisfed.org/data/WARGSP
Washington,WA,West,2021,WARGSP,626710.5,https://fred.stlouisfed.org/data/WARGSP
Washington,WA,West,2022,WARGSP,641883.2,https://fred.stlouisfed.org/data/WARGSP
Washington,WA,West,2023,WARGSP,666630.5,https://fred.stlouisfed.org/data/WARGSP
Washington,WA,West,2024,WARGSP,693913.4,https://fred.stlouisfed.org/data/WARGSP
Washington,WA,West,2025,WARGSP,715876.4,https://fred.stlouisfed.org/data/WARGSP
